_file,DOC_BRANCH_CODE,DOC_BRANCH_NAME,เลขที่รับ,วันที่ใบรับ,ยี่ห้อ,BRAND,รุ่นรถ,แบบรถ,รหัสผลิตภัณฑ์,รหัสสี,สี,หมายเลขเครื่อง,หมายเลขตัวถัง,ประเภทรถ,ต้นทุนต่อหน่วย,ภาษีของต้นทุนต่อหน่วย,จำนวนรับ,รหัสที่เก็บ,ชื่อที่เก็บ,ประเภทที่เก็บ,เลขที่เอกสาร,วันที่เอกสาร,ประเภทเอกสาร,สถานะเอกสาร,TAXID,ชื่อเจ้าหนี้,เลขที่ใบกำกับภาษี,วันที่ใบกำกับภาษี,สั่งซื้อ_สั่งโอน,ค้างรับสั่งซื้อ_สั่งโอน,ต้นทุนต่อหน่วยสั่งซื้อ_สั่งโอน,REPORT_NAME,REPORT_DATE_START,REPORT_DATE_STOP
110967fg.xls,FMG01,สำนักงานใหญ่,SMG01/REC_P240900039,2024-09-11,ยามาฮ่า,YAMAHA,FINN,B6FU00,B6FU00010C,500,ฟ้า,E34RE-057401,MLEUE364111399878,รถใหม่,40800,2856,1,0,สำนักงานใหญ่,สำหรับขาย,SMG01/RMC240900002,2024-11-09,ใบจัดซื้อ,รับแล้ว,105507000645,บริษัท ไทยยามาฮ่ามอเตอร์ จำกัด,1946710,2024-11-09,1,0,40800,รายงานการรับรถจักรยานยนต์,2024-11-09,2024-11-09
110967fg.xls,FMG01,สำนักงานใหญ่,SMG01/REC_P240900039,2024-09-11,ยามาฮ่า,YAMAHA,FINN,B6FU00,B6FU00010B,600,เขียว,E34RE-053394,MLEUE364111399297,รถใหม่,40800,2856,1,0,สำนักงานใหญ่,สำหรับขาย,SMG01/RMC240900002,2024-11-09,ใบจัดซื้อ,รับแล้ว,105507000645,บริษัท ไทยยามาฮ่ามอเตอร์ จำกัด,1946710,2024-11-09,1,0,40800,รายงานการรับรถจักรยานยนต์,2024-11-09,2024-11-09
110967fg.xls,FMG01,สำนักงานใหญ่,SMG01/REC_P240900039,2024-09-11,ยามาฮ่า,YAMAHA,FINN,B6FU00,B6FU00010B,600,เขียว,E34RE-057336,MLEUE364111399710,รถใหม่,40800,2856,1,0,สำนักงานใหญ่,สำหรับขาย,SMG01/RMC240900002,2024-11-09,ใบจัดซื้อ,รับแล้ว,105507000645,บริษัท ไทยยามาฮ่ามอเตอร์ จำกัด,1946710,2024-11-09,1,0,40800,รายงานการรับรถจักรยานยนต์,2024-11-09,2024-11-09
110967fg.xls,FMG01,สำนักงานใหญ่,SMG01/REC_P240900039,2024-09-11,ยามาฮ่า,YAMAHA,FINN,B6FU00,B6FU00010B,600,เขียว,E34RE-057369,MLEUE364111399799,รถใหม่,40800,2856,1,0,สำนักงานใหญ่,สำหรับขาย,SMG01/RMC240900002,2024-11-09,ใบจัดซื้อ,รับแล้ว,105507000645,บริษัท ไทยยามาฮ่ามอเตอร์ จำกัด,1946710,2024-11-09,1,0,40800,รายงานการรับรถจักรยานยนต์,2024-11-09,2024-11-09
110967fg.xls,FMG01,สำนักงานใหญ่,SMG01/REC_P240900040,2024-09-11,ยามาฮ่า,YAMAHA,FINN,B6FT00,B6FT00010B,100,แดง,E34RE-056037,MLEUE362111149086,รถใหม่,39000,2730,1,0,สำนักงานใหญ่,สำหรับขาย,SMG01/RMC240900003,2024-11-09,ใบจัดซื้อ,รับแล้ว,105507000645,บริษัท ไทยยามาฮ่ามอเตอร์ จำกัด,1946713,2024-11-09,1,0,39000,รายงานการรับรถจักรยานยนต์,2024-11-09,2024-11-09
110967fg.xls,FMG01,สำนักงานใหญ่,SMG01/REC_P240900041,2024-09-11,ยามาฮ่า,YAMAHA,FINN,B6FS00,B6FS00010A,300,ดำ,E34RE-059453,MLEUE366111022832,รถใหม่,36000,2520,1,0,สำนักงานใหญ่,สำหรับขาย,SMG01/RMC240900004,2024-11-09,ใบจัดซื้อ,รับแล้ว,105507000645,บริษัท ไทยยามาฮ่ามอเตอร์ จำกัด,1946709,2024-11-09,1,0,36000,รายงานการรับรถจักรยานยนต์,2024-11-09,2024-11-09
110967fg.xls,FMG01,สำนักงานใหญ่,SMG01/REC_P240900042,2024-09-11,ยามาฮ่า,YAMAHA,FINN,B6FU00,B6FU00010A,200,น้ำเงิน,E34RE-056590,MLEUE364111399600,รถใหม่,40800,2856,1,26,สำนักงานใหญ่,สำหรับขาย,SMG01/RMC240900005,2024-11-09,ใบจัดซื้อ,รับแล้ว,105507000645,บริษัท ไทยยามาฮ่ามอเตอร์ จำกัด,1946711,2024-11-09,1,0,40800,รายงานการรับรถจักรยานยนต์,2024-11-09,2024-11-09
110967fg.xls,FMG01,สำนักงานใหญ่,SMG01/REC_P240900042,2024-09-11,ยามาฮ่า,YAMAHA,FINN,B6FU00,B6FU00010A,200,น้ำเงิน,E34RE-056652,MLEUE364111399596,รถใหม่,40800,2856,1,26,สำนักงานใหญ่,สำหรับขาย,SMG01/RMC240900005,2024-11-09,ใบจัดซื้อ,รับแล้ว,105507000645,บริษัท ไทยยามาฮ่ามอเตอร์ จำกัด,1946711,2024-11-09,1,0,40800,รายงานการรับรถจักรยานยนต์,2024-11-09,2024-11-09
110967fg.xls,FMG01,สำนักงานใหญ่,SMG01/REC_P240900042,2024-09-11,ยามาฮ่า,YAMAHA,FINN,B6FU00,B6FU00010A,200,น้ำเงิน,E34RE-056685,MLEUE364111399569,รถใหม่,40800,2856,1,26,สำนักงานใหญ่,สำหรับขาย,SMG01/RMC240900005,2024-11-09,ใบจัดซื้อ,รับแล้ว,105507000645,บริษัท ไทยยามาฮ่ามอเตอร์ จำกัด,1946711,2024-11-09,1,0,40800,รายงานการรับรถจักรยานยนต์,2024-11-09,2024-11-09
110967fg.xls,FMG01,สำนักงานใหญ่,SMG01/REC_P240900043,2024-09-11,ยามาฮ่า,YAMAHA,FINN,B6FS00,B6FS00010A,300,ดำ,E34RE-059443,MLEUE366111022833,รถใหม่,36000,2520,1,0,สำนักงานใหญ่,สำหรับขาย,SMG01/RMC240900006,2024-11-09,ใบจัดซื้อ,รับแล้ว,105507000645,บริษัท ไทยยามาฮ่ามอเตอร์ จำกัด,1946712,2024-11-09,1,0,36000,รายงานการรับรถจักรยานยนต์,2024-11-09,2024-11-09
110967fg.xls,FMG01,สำนักงานใหญ่,SMG01/REC_P240900043,2024-09-11,ยามาฮ่า,YAMAHA,FINN,B6FS00,B6FS00010A,300,ดำ,E34RE-059444,MLEUE366111022837,รถใหม่,36000,2520,1,0,สำนักงานใหญ่,สำหรับขาย,SMG01/RMC240900006,2024-11-09,ใบจัดซื้อ,รับแล้ว,105507000645,บริษัท ไทยยามาฮ่ามอเตอร์ จำกัด,1946712,2024-11-09,1,0,36000,รายงานการรับรถจักรยานยนต์,2024-11-09,2024-11-09
110967fg.xls,FMG01,สำนักงานใหญ่,SMG01/REC_P240900043,2024-09-11,ยามาฮ่า,YAMAHA,FINN,B6FS00,B6FS00010A,300,ดำ,E34RE-059445,MLEUE366111022836,รถใหม่,36000,2520,1,0,สำนักงานใหญ่,สำหรับขาย,SMG01/RMC240900006,2024-11-09,ใบจัดซื้อ,รับแล้ว,105507000645,บริษัท ไทยยามาฮ่ามอเตอร์ จำกัด,1946712,2024-11-09,1,0,36000,รายงานการรับรถจักรยานยนต์,2024-11-09,2024-11-09
110967fg.xls,FMG01,สำนักงานใหญ่,SMG01/REC_P240900044,2024-09-11,ยามาฮ่า,YAMAHA,FINN,B6FV00,B6FV00010C,700,เทา,E34RE-056465,MLEUE365111269488,รถใหม่,42400,2968,1,0,สำนักงานใหญ่,สำหรับขาย,SMG01/RMC240900007,2024-11-09,ใบจัดซื้อ,รับแล้ว,105507000645,บริษัท ไทยยามาฮ่ามอเตอร์ จำกัด,1946738,2024-11-09,1,0,42400,รายงานการรับรถจักรยานยนต์,2024-11-09,2024-11-09
110967fg.xls,FMG01,สำนักงานใหญ่,SMG01/REC_P240900044,2024-09-11,ยามาฮ่า,YAMAHA,FINN,B6FV00,B6FV00010C,700,เทา,E34RE-056467,MLEUE365111269487,รถใหม่,42400,2968,1,0,สำนักงานใหญ่,สำหรับขาย,SMG01/RMC240900007,2024-11-09,ใบจัดซื้อ,รับแล้ว,105507000645,บริษัท ไทยยามาฮ่ามอเตอร์ จำกัด,1946738,2024-11-09,1,0,42400,รายงานการรับรถจักรยานยนต์,2024-11-09,2024-11-09
110967fg.xls,FMG01,สำนักงานใหญ่,SMG01/REC_P240900044,2024-09-11,ยามาฮ่า,YAMAHA,FINN,B6FV00,B6FV00010C,700,เทา,E34RE-056472,MLEUE365111269486,รถใหม่,42400,2968,1,0,สำนักงานใหญ่,สำหรับขาย,SMG01/RMC240900007,2024-11-09,ใบจัดซื้อ,รับแล้ว,105507000645,บริษัท ไทยยามาฮ่ามอเตอร์ จำกัด,1946738,2024-11-09,1,0,42400,รายงานการรับรถจักรยานยนต์,2024-11-09,2024-11-09
110967fg.xls,FMG01,สำนักงานใหญ่,SMG01/REC_P240900045,2024-09-11,ยามาฮ่า,YAMAHA,FINN,B6FT00,B6FT00010B,100,แดง,E34RE-056699,MLEUE362111149286,รถใหม่,39000,2730,1,0,สำนักงานใหญ่,สำหรับขาย,SMG01/RMC240900008,2024-11-09,ใบจัดซื้อ,รับแล้ว,105507000645,บริษัท ไทยยามาฮ่ามอเตอร์ จำกัด,1946739,2024-11-09,1,0,39000,รายงานการรับรถจักรยานยนต์,2024-11-09,2024-11-09
110967fg.xls,FMG01,สำนักงานใหญ่,SMG01/REC_P240900045,2024-09-11,ยามาฮ่า,YAMAHA,FINN,B6FT00,B6FT00010B,100,แดง,E34RE-056728,MLEUE362111149288,รถใหม่,39000,2730,1,0,สำนักงานใหญ่,สำหรับขาย,SMG01/RMC240900008,2024-11-09,ใบจัดซื้อ,รับแล้ว,105507000645,บริษัท ไทยยามาฮ่ามอเตอร์ จำกัด,1946739,2024-11-09,1,0,39000,รายงานการรับรถจักรยานยนต์,2024-11-09,2024-11-09
020469fmm.xls,FMM01,สำนักงานใหญ่,FMM01/REC_P260400004,2026-04-02,ยามาฮ่า,YAMAHA,Aerox,D13100,D13100010A,0200,น้ำเงิน,G3W2E-010432,RLCSG982111001176,รถใหม่,84100,5887,1,0028,สำนักงานใหญ่,สำหรับขาย,FMM01/RMC260400001,2026-04-02,ใบจัดซื้อ,รับแล้ว,0105507000645,บริษัท ไทยยามาฮ่ามอเตอร์ จำกัด,2072149,2026-04-02,1,0,84100,รายงานการรับรถจักรยานยนต์,2026-04-02,2026-04-02
020469fmm.xls,FMM01,สำนักงานใหญ่,FMM01/REC_P260400003,2026-04-02,ยามาฮ่า,YAMAHA,Grand Filano Hybrid,BJKE00,BJKE00010A,1200,น้ำตาล,E34SE-306083,MLESEK52111505046,รถใหม่,64600,4522,1,0028,สำนักงานใหญ่,สำหรับขาย,FMM01/RMC260400002,2026-04-02,ใบจัดซื้อ,รับแล้ว,0105507000645,บริษัท ไทยยามาฮ่ามอเตอร์ จำกัด,2072150,2026-04-02,1,0,64600,รายงานการรับรถจักรยานยนต์,2026-04-02,2026-04-02
020469fmm.xls,FMM01,สำนักงานใหญ่,FMM01/REC_P260400003,2026-04-02,ยามาฮ่า,YAMAHA,Grand Filano Hybrid,BJKE00,BJKE00010A,1200,น้ำตาล,E34SE-307099,MLESEK52111505010,รถใหม่,64600,4522,1,0028,สำนักงานใหญ่,สำหรับขาย,FMM01/RMC260400002,2026-04-02,ใบจัดซื้อ,รับแล้ว,0105507000645,บริษัท ไทยยามาฮ่ามอเตอร์ จำกัด,2072150,2026-04-02,1,0,64600,รายงานการรับรถจักรยานยนต์,2026-04-02,2026-04-02
fg220769.xls,FMG01,สำนักงานใหญ่,SMG01/REC_P260700145,2026-07-22,ยามาฮ่า,YAMAHA,XMAX 300,DR9200,DR9200010B,0700,เทา,H345E-0182784,MH3SH222111056637,รถใหม่,153100,10717,1,00026,สำนักงานใหญ่,สำหรับขาย,SMG01/RMC260700038,2026-07-22,ใบจัดซื้อ,รับแล้ว,0105507000645,บริษัท ไทยยามาฮ่ามอเตอร์ จำกัด,2104778,2026-07-22,1,0,153100,รายงานการรับรถจักรยานยนต์,2026-07-22,2026-07-23
fg220769.xls,FMG01,สำนักงานใหญ่,SMG01/REC_P260700145,2026-07-22,ยามาฮ่า,YAMAHA,XMAX 300,DR9200,DR9200010B,0700,เทา,H345E-0182918,MH3SH222111056760,รถใหม่,153100,10717,1,00026,สำนักงานใหญ่,สำหรับขาย,SMG01/RMC260700038,2026-07-22,ใบจัดซื้อ,รับแล้ว,0105507000645,บริษัท ไทยยามาฮ่ามอเตอร์ จำกัด,2104778,2026-07-22,1,0,153100,รายงานการรับรถจักรยานยนต์,2026-07-22,2026-07-23
fg220769.xls,FMG01,สำนักงานใหญ่,SMG01/REC_P260700145,2026-07-22,ยามาฮ่า,YAMAHA,XMAX 300,DR9400,DR9400010A,0300,ดำ,H345E-0183131,MH3SH222111056898,รถใหม่,167700,11739,1,00026,สำนักงานใหญ่,สำหรับขาย,SMG01/RMC260700038,2026-07-22,ใบจัดซื้อ,รับแล้ว,0105507000645,บริษัท ไทยยามาฮ่ามอเตอร์ จำกัด,2104778,2026-07-22,1,0,167700,รายงานการรับรถจักรยานยนต์,2026-07-22,2026-07-23
fg220769.xls,FMG01,สำนักงานใหญ่,SMG01/REC_P260700145,2026-07-22,ยามาฮ่า,YAMAHA,XMAX 300,DR9400,DR9400010A,0300,ดำ,H345E-0183140,MH3SH222111056922,รถใหม่,167700,11739,1,00026,สำนักงานใหญ่,สำหรับขาย,SMG01/RMC260700038,2026-07-22,ใบจัดซื้อ,รับแล้ว,0105507000645,บริษัท ไทยยามาฮ่ามอเตอร์ จำกัด,2104778,2026-07-22,1,0,167700,รายงานการรับรถจักรยานยนต์,2026-07-22,2026-07-23
fg220769.xls,FMG01,สำนักงานใหญ่,SMG01/REC_P260700145,2026-07-22,ยามาฮ่า,YAMAHA,XMAX 300,DR9200,DR9200010C,0200,น้ำเงิน,H345E-0183711,MH3SH222111057128,รถใหม่,153100,10717,1,00026,สำนักงานใหญ่,สำหรับขาย,SMG01/RMC260700038,2026-07-22,ใบจัดซื้อ,รับแล้ว,0105507000645,บริษัท ไทยยามาฮ่ามอเตอร์ จำกัด,2104778,2026-07-22,1,0,153100,รายงานการรับรถจักรยานยนต์,2026-07-22,2026-07-23
fg220769.xls,FMG01,สำนักงานใหญ่,SMG01/REC_P260700145,2026-07-22,ยามาฮ่า,YAMAHA,XMAX 300,DR9200,DR9200010C,0200,น้ำเงิน,H345E-0183729,MH3SH222111057126,รถใหม่,153100,10717,1,00026,สำนักงานใหญ่,สำหรับขาย,SMG01/RMC260700038,2026-07-22,ใบจัดซื้อ,รับแล้ว,0105507000645,บริษัท ไทยยามาฮ่ามอเตอร์ จำกัด,2104778,2026-07-22,1,0,153100,รายงานการรับรถจักรยานยนต์,2026-07-22,2026-07-23
fg220769.xls,FMG01,สำนักงานใหญ่,SMG01/REC_P260700145,2026-07-22,ยามาฮ่า,YAMAHA,XMAX 300,DR9200,DR9200010D,0100,แดง,H345E-0182610,MH3SH222111056487,รถใหม่,153100,10717,1,00026,สำนักงานใหญ่,สำหรับขาย,SMG01/RMC260700038,2026-07-22,ใบจัดซื้อ,รับแล้ว,0105507000645,บริษัท ไทยยามาฮ่ามอเตอร์ จำกัด,2104778,2026-07-22,1,0,153100,รายงานการรับรถจักรยานยนต์,2026-07-22,2026-07-23
fg220769.xls,FMG01,สำนักงานใหญ่,SMG01/REC_P260700145,2026-07-22,ยามาฮ่า,YAMAHA,XMAX 300,DR9200,DR9200010D,0100,แดง,H345E-0182710,MH3SH222111056596,รถใหม่,153100,10717,1,00026,สำนักงานใหญ่,สำหรับขาย,SMG01/RMC260700038,2026-07-22,ใบจัดซื้อ,รับแล้ว,0105507000645,บริษัท ไทยยามาฮ่ามอเตอร์ จำกัด,2104778,2026-07-22,1,0,153100,รายงานการรับรถจักรยานยนต์,2026-07-22,2026-07-23
fg220769.xls,FMG01,สำนักงานใหญ่,SMG01/REC_P260700147,2026-07-22,ยามาฮ่า,YAMAHA,Grand Filano Hybrid,BJKD00,BJKD00010A,0500,ฟ้า,E34SE-360814,MLESEK52111380692,รถใหม่,60500,4235,1,00026,สำนักงานใหญ่,สำหรับขาย,SMG01/RMC260700039,2026-07-22,ใบจัดซื้อ,รับแล้ว,0105507000645,บริษัท ไทยยามาฮ่ามอเตอร์ จำกัด,2104886,2026-07-22,1,0,60500,รายงานการรับรถจักรยานยนต์,2026-07-22,2026-07-23
fg220769.xls,FMG01,สำนักงานใหญ่,SMG01/REC_P260700147,2026-07-22,ยามาฮ่า,YAMAHA,Grand Filano Hybrid,BJKD00,BJKD00010A,0500,ฟ้า,E34SE-360823,MLESEK52111380610,รถใหม่,60500,4235,1,00026,สำนักงานใหญ่,สำหรับขาย,SMG01/RMC260700039,2026-07-22,ใบจัดซื้อ,รับแล้ว,0105507000645,บริษัท ไทยยามาฮ่ามอเตอร์ จำกัด,2104886,2026-07-22,1,0,60500,รายงานการรับรถจักรยานยนต์,2026-07-22,2026-07-23
fg220769.xls,FMG01,สำนักงานใหญ่,SMG01/REC_P260700146,2026-07-22,ยามาฮ่า,YAMAHA,FINN,DA6200,DA6200010A,0300,ดำ,E35NE-012425,MLEUE368111004705,รถใหม่,42000,2940,1,00026,สำนักงานใหญ่,สำหรับขาย,SMG01/RMC260700040,2026-07-22,ใบจัดซื้อ,รับแล้ว,0105507000645,บริษัท ไทยยามาฮ่ามอเตอร์ จำกัด,2104885,2026-07-22,1,0,42000,รายงานการรับรถจักรยานยนต์,2026-07-22,2026-07-23
fg220769.xls,FMG01,สำนักงานใหญ่,SMG01/REC_P260700146,2026-07-22,ยามาฮ่า,YAMAHA,FINN,DA6200,DA6200010A,0300,ดำ,E35NE-012562,MLEUE368111004762,รถใหม่,42000,2940,1,00026,สำนักงานใหญ่,สำหรับขาย,SMG01/RMC260700040,2026-07-22,ใบจัดซื้อ,รับแล้ว,0105507000645,บริษัท ไทยยามาฮ่ามอเตอร์ จำกัด,2104885,2026-07-22,1,0,42000,รายงานการรับรถจักรยานยนต์,2026-07-22,2026-07-23
fmm220769.xls,FMM01,สำนักงานใหญ่,FMM01/REC_P260700043,2026-07-22,ยามาฮ่า,YAMAHA,PG-1,D18100,D18100010C,0700,เทา,E34NE-090994,RLCUE425111029638,รถใหม่,50500,3535,1,0028,สำนักงานใหญ่,สำหรับขาย,FMM01/RMC260700012,2026-07-20,ใบจัดซื้อ,รับแล้ว,0105507000645,บริษัท ไทยยามาฮ่ามอเตอร์ จำกัด,2104033,2026-07-20,1,0,50500,รายงานการรับรถจักรยานยนต์,2026-07-22,2026-07-23
fmm220769.xls,FMM01,สำนักงานใหญ่,FMM01/REC_P260700043,2026-07-22,ยามาฮ่า,YAMAHA,PG-1,D18100,D18100010C,0700,เทา,E34NE-091107,RLCUE425111029794,รถใหม่,50500,3535,1,0028,สำนักงานใหญ่,สำหรับขาย,FMM01/RMC260700012,2026-07-20,ใบจัดซื้อ,รับแล้ว,0105507000645,บริษัท ไทยยามาฮ่ามอเตอร์ จำกัด,2104033,2026-07-20,1,0,50500,รายงานการรับรถจักรยานยนต์,2026-07-22,2026-07-23
fmm220769.xls,FMM01,สำนักงานใหญ่,FMM01/REC_P260700043,2026-07-22,ยามาฮ่า,YAMAHA,PG-1,D18100,D18100010C,0700,เทา,E34NE-091248,RLCUE425111029890,รถใหม่,50500,3535,1,0028,สำนักงานใหญ่,สำหรับขาย,FMM01/RMC260700012,2026-07-20,ใบจัดซื้อ,รับแล้ว,0105507000645,บริษัท ไทยยามาฮ่ามอเตอร์ จำกัด,2104033,2026-07-20,1,0,50500,รายงานการรับรถจักรยานยนต์,2026-07-22,2026-07-23
fmm220769.xls,FMM01,สำนักงานใหญ่,FMM01/REC_P260700043,2026-07-22,ยามาฮ่า,YAMAHA,NMAX,BTF200,BTF200010E,0100,แดง,G3V5E-0887547,MH3SG576111027714,รถใหม่,85000,5950,1,0028,สำนักงานใหญ่,สำหรับขาย,FMM01/RMC260700012,2026-07-20,ใบจัดซื้อ,รับแล้ว,0105507000645,บริษัท ไทยยามาฮ่ามอเตอร์ จำกัด,2104033,2026-07-20,1,0,85000,รายงานการรับรถจักรยานยนต์,2026-07-22,2026-07-23
fmm220769.xls,FMM01,สำนักงานใหญ่,FMM01/REC_P260700043,2026-07-22,ยามาฮ่า,YAMAHA,NMAX,BTF200,BTF200010E,0100,แดง,G3V5E-0887565,MH3SG576111027707,รถใหม่,85000,5950,1,0028,สำนักงานใหญ่,สำหรับขาย,FMM01/RMC260700012,2026-07-20,ใบจัดซื้อ,รับแล้ว,0105507000645,บริษัท ไทยยามาฮ่ามอเตอร์ จำกัด,2104033,2026-07-20,1,0,85000,รายงานการรับรถจักรยานยนต์,2026-07-22,2026-07-23
fmm220769.xls,FMM01,สำนักงานใหญ่,FMM01/REC_P260700043,2026-07-22,ยามาฮ่า,YAMAHA,NMAX,BTF300,BTF300010A,0307,ดำ-เทา,G3V5E-0865055,MH3SG576111027060,รถใหม่,92800,6496,1,0028,สำนักงานใหญ่,สำหรับขาย,FMM01/RMC260700012,2026-07-20,ใบจัดซื้อ,รับแล้ว,0105507000645,บริษัท ไทยยามาฮ่ามอเตอร์ จำกัด,2104033,2026-07-20,1,0,92800,รายงานการรับรถจักรยานยนต์,2026-07-22,2026-07-23
fmm220769.xls,FMM01,สำนักงานใหญ่,FMM01/REC_P260700042,2026-07-22,ยามาฮ่า,YAMAHA,PG-1,D18100,D18100010D,1200,น้ำตาล,E34NE-087033,RLCUE425111026126,รถใหม่,50500,3535,1,0028,สำนักงานใหญ่,สำหรับขาย,FMM01/RMC260700013,2026-07-20,ใบจัดซื้อ,รับแล้ว,0105507000645,บริษัท ไทยยามาฮ่ามอเตอร์ จำกัด,2104034,2026-07-20,1,0,50500,รายงานการรับรถจักรยานยนต์,2026-07-22,2026-07-23
fmm220769.xls,FMM01,สำนักงานใหญ่,FMM01/REC_P260700042,2026-07-22,ยามาฮ่า,YAMAHA,PG-1,D18100,D18100010D,1200,น้ำตาล,E34NE-087648,RLCUE425111026740,รถใหม่,50500,3535,1,0028,สำนักงานใหญ่,สำหรับขาย,FMM01/RMC260700013,2026-07-20,ใบจัดซื้อ,รับแล้ว,0105507000645,บริษัท ไทยยามาฮ่ามอเตอร์ จำกัด,2104034,2026-07-20,1,0,50500,รายงานการรับรถจักรยานยนต์,2026-07-22,2026-07-23
fmm220769.xls,FMM01,สำนักงานใหญ่,FMM01/REC_P260700042,2026-07-22,ยามาฮ่า,YAMAHA,PG-1,D18100,D18100010D,1200,น้ำตาล,E34NE-088188,RLCUE425111027282,รถใหม่,50500,3535,1,0028,สำนักงานใหญ่,สำหรับขาย,FMM01/RMC260700013,2026-07-20,ใบจัดซื้อ,รับแล้ว,0105507000645,บริษัท ไทยยามาฮ่ามอเตอร์ จำกัด,2104034,2026-07-20,1,0,50500,รายงานการรับรถจักรยานยนต์,2026-07-22,2026-07-23
fmm220769.xls,FMM01,สำนักงานใหญ่,FMM01/REC_P260700044,2026-07-22,ยามาฮ่า,YAMAHA,Grand Filano Hybrid,BJKC00,BJKC00010C,0200,น้ำเงิน,E34SE-364744,MLESEK51111266109,รถใหม่,56600,3962,1,0028,สำนักงานใหญ่,สำหรับขาย,FMM01/RMC260700014,2026-07-22,ใบจัดซื้อ,รับแล้ว,0105507000645,บริษัท ไทยยามาฮ่ามอเตอร์ จำกัด,2104887,2026-07-22,1,0,56600,รายงานการรับรถจักรยานยนต์,2026-07-22,2026-07-23
fmm220769.xls,FMM01,สำนักงานใหญ่,FMM01/REC_P260700044,2026-07-22,ยามาฮ่า,YAMAHA,Grand Filano Hybrid,BJKC00,BJKC00010B,0300,ดำ,E34SE-366824,MLESEK51111266603,รถใหม่,56600,3962,1,0028,สำนักงานใหญ่,สำหรับขาย,FMM01/RMC260700014,2026-07-22,ใบจัดซื้อ,รับแล้ว,0105507000645,บริษัท ไทยยามาฮ่ามอเตอร์ จำกัด,2104887,2026-07-22,1,0,56600,รายงานการรับรถจักรยานยนต์,2026-07-22,2026-07-23
fcg250769.xls,FCG01,สำนักงานใหญ่,FMG01/REC_P260700097,2026-07-25,ยามาฮ่า,YAMAHA,Grand Filano Hybrid,BJKD00,BJKD00010A,0500,ฟ้า,E34SE-360780,MLESEK52111380525,รถใหม่,60500,4235,1,สำนักงานใหญ่,สำนักงานใหญ่,สำหรับขาย,FMG01/RMC260700012,2026-07-25,ใบจัดซื้อ,รับแล้ว,0105507000645,บริษัท ไทยยามาฮ่ามอเตอร์ จำกัด,2105775,2026-07-25,1,0,60500,รายงานการรับรถจักรยานยนต์,2026-07-25,2026-07-26
fcg250769.xls,FCG01,สำนักงานใหญ่,FMG01/REC_P260700097,2026-07-25,ยามาฮ่า,YAMAHA,Grand Filano Hybrid,BJKD00,BJKD00010A,0500,ฟ้า,E34SE-360924,MLESEK52111381177,รถใหม่,60500,4235,1,สำนักงานใหญ่,สำนักงานใหญ่,สำหรับขาย,FMG01/RMC260700012,2026-07-25,ใบจัดซื้อ,รับแล้ว,0105507000645,บริษัท ไทยยามาฮ่ามอเตอร์ จำกัด,2105775,2026-07-25,1,0,60500,รายงานการรับรถจักรยานยนต์,2026-07-25,2026-07-26
fcg250769.xls,FCG01,สำนักงานใหญ่,FMG01/REC_P260700097,2026-07-25,ยามาฮ่า,YAMAHA,Grand Filano Hybrid,BJKD00,BJKD00010A,0500,ฟ้า,E34SE-364812,MLESEK52111381144,รถใหม่,60500,4235,1,สำนักงานใหญ่,สำนักงานใหญ่,สำหรับขาย,FMG01/RMC260700012,2026-07-25,ใบจัดซื้อ,รับแล้ว,0105507000645,บริษัท ไทยยามาฮ่ามอเตอร์ จำกัด,2105775,2026-07-25,1,0,60500,รายงานการรับรถจักรยานยนต์,2026-07-25,2026-07-26
fcg250769.xls,FCG01,สำนักงานใหญ่,FMG01/REC_P260700097,2026-07-25,ยามาฮ่า,YAMAHA,Grand Filano Hybrid,BJKD00,BJKD00010A,0500,ฟ้า,E34SE-365282,MLESEK52111381420,รถใหม่,60500,4235,1,สำนักงานใหญ่,สำนักงานใหญ่,สำหรับขาย,FMG01/RMC260700012,2026-07-25,ใบจัดซื้อ,รับแล้ว,0105507000645,บริษัท ไทยยามาฮ่ามอเตอร์ จำกัด,2105775,2026-07-25,1,0,60500,รายงานการรับรถจักรยานยนต์,2026-07-25,2026-07-26
fcg250769.xls,FCG01,สำนักงานใหญ่,FMG01/REC_P260700096,2026-07-25,ยามาฮ่า,YAMAHA,FINN,DA6200,DA6200010B,0100,แดง,E35NE-013834,MLEUE368111005150,รถใหม่,42000,2940,1,สำนักงานใหญ่,สำนักงานใหญ่,สำหรับขาย,FMG01/RMC260700013,2026-07-25,ใบจัดซื้อ,รับแล้ว,0105507000645,บริษัท ไทยยามาฮ่ามอเตอร์ จำกัด,2105776,2026-07-25,1,0,42000,รายงานการรับรถจักรยานยนต์,2026-07-25,2026-07-26
fcg250769.xls,FCG01,สำนักงานใหญ่,FMG01/REC_P260700096,2026-07-25,ยามาฮ่า,YAMAHA,FINN,DA6200,DA6200010B,0100,แดง,E35NE-013838,MLEUE368111005129,รถใหม่,42000,2940,1,สำนักงานใหญ่,สำนักงานใหญ่,สำหรับขาย,FMG01/RMC260700013,2026-07-25,ใบจัดซื้อ,รับแล้ว,0105507000645,บริษัท ไทยยามาฮ่ามอเตอร์ จำกัด,2105776,2026-07-25,1,0,42000,รายงานการรับรถจักรยานยนต์,2026-07-25,2026-07-26
fcg250769.xls,FCG01,สำนักงานใหญ่,FMG01/REC_P260700096,2026-07-25,ยามาฮ่า,YAMAHA,FINN,DA6200,DA6200010B,0100,แดง,E35NE-013926,MLEUE368111005280,รถใหม่,42000,2940,1,สำนักงานใหญ่,สำนักงานใหญ่,สำหรับขาย,FMG01/RMC260700013,2026-07-25,ใบจัดซื้อ,รับแล้ว,0105507000645,บริษัท ไทยยามาฮ่ามอเตอร์ จำกัด,2105776,2026-07-25,1,0,42000,รายงานการรับรถจักรยานยนต์,2026-07-25,2026-07-26
